0,Gregory,Murphy,Steuber-Hirthe,114-216-2287
1,Yi,Gottlieb,Grady, Runte and Fisher,585-205-5742 x21209
3,Camille,Schroeder,Buckridge, Schamberger and Crooks,1-770-651-3924 x09242
4,Emile,West,Feil-Kub,692-035-0799 x7794
6,Franklin,Blick,Beier, Price and Fadel,486-306-3624
7,Alanna,Dare,Zemlak, Hoppe and Wehner,166-829-6535 x57726
8,Chan,Pagac,Yundt-Fadel,206-353-1127
9,Bev,Collier,Haley Inc,1-237-834-3332
12,Mckinley,Cole,Lubowitz, Wyman and Kilback,1-577-661-4931 x689
14,Jenifer,Goyette,Raynor-Ernser,363-996-9096 x7599
15,Odessa,Larson,Bartoletti, Konopelski and Stracke,1-270-471-5831 x725
16,Scottie,Dibbert,Padberg-Botsford,801-128-0417
17,Dane,Reichel,Kunde, Jast and McGlynn,1-562-193-7597 x984
19,Frankie,Ullrich,Reinger-VonRueden,1-595-335-9106
20,Zulema,Daugherty,Murray, Koepp and Bogan,809-335-2235 x279
23,Cristal,West,Nienow-Grady,1-184-140-9531
28,Evelin,Mertz,Boehm and Sons,1-439-203-3069 x89025
30,Wilbur,Hoeger,Vandervort-Feeney,406-358-9212 x790
32,Marcos,Sipes,Kris Inc,1-659-055-2216 x1899
33,John,Wiza,Reinger, Carter and Schmeler,195-827-8520 x10442
34,Tambra,McDermott,Littel Inc,170-780-6844
37,Leland,Towne,Herman and Sons,1-994-367-4541 x788
38,Angelo,Wolff,Luettgen Group,1-716-930-8695
39,Lala,Stehr,Sipes, Doyle and Goodwin,1-961-003-6924
42,Sona,Bosco,Shields Group,1-573-663-3465
43,Eveline,Hodkiewicz,Harvey-Klocko,264-970-9405 x1550
44,Kirstin,Predovic,Bartoletti-Romaguera,462-066-9981
46,Tula,Cassin,Osinski LLC,1-237-291-2704
49,Machelle,Hammes,Hessel Group,1-423-966-2297
50,Zachary,Metz,Simonis, Collier and Rolfson,372-512-9841 x28365
51,Barney,Runolfsson,Lebsack, Schroeder and Aufderhar,1-566-552-7734 x84734
53,Domenic,Abernathy,Conn-McCullough,1-277-750-8292
54,Man,Stehr,Kub-Stamm,746-963-5001 x801
57,Hollis,Leuschke,Bergstrom-Kunze,188-767-8757 x5632
65,Rolando,VonRueden,Kozey and Sons,1-855-076-2172
66,Sana,Gutmann,Flatley LLC,958-617-3443 x60044
68,Elana,Kreiger,Rowe-Ondricka,466-649-4716 x919
73,Jaime,Heller,Pouros-Gislason,824-884-0107
74,Trinidad,Hamill,Wuckert, Price and Olson,748-861-4517 x1571
75,John,Boehm,Christiansen Inc,1-880-390-8883
